{
  "version": "20260423_131843",
  "trained_at": "2026-04-23T13:18:43.371568",
  "metrics": {
    "training_records": 1084,
    "test_records": 271,
    "accuracy": 0.955719557195572,
    "precision": 0.55,
    "recall": 0.7857142857142857,
    "f1": 0.6470588235294118,
    "auc_roc": 0.9674819344080046,
    "cv_auc_mean": 0.8855475264035576,
    "cv_auc_std": 0.08891682620162089
  },
  "feature_importance": {
    "current_seat_count": 